cliente_id,nome,email,cidade,estado,segmento,data_cadastro,limite_credito
1,Ursula Souza,ursula.souza1@email.com,Belo Horizonte,São Paulo,Varejo,2023-03-19,122.41
2,Henrique Oliveira,henrique.oliveira2@email.com,São Paulo, MG ,Atacado,2024-09-19,2867.39
3,Nathan Silva,nathan.silva3@email.com,Belo Horizonte, MG ,Varejo,2024-05-05,2851.77
4,  HENRIQUE CARVALHO ,henrique.carvalho4@email.com,Goiânia,MG,Atacado,2024-02-04,4537.84
5,Gabriela Martins,gabriela.martins5@email.com,Fortaleza,PE,Varejo,2024-11-14,
6,  OLIVIA GOMES ,olivia.gomes6@email.com,Curitiba,MG,Corporativo,2023-06-25,3983.96
7,Felipe Martins,felipe.martins7@email.com,Florianópolis,PR,VAREJO,2024-02-21,2899.61
8,Eduarda Santos,eduarda.santos8@email.com,Salvador,SP,varejo,2023-04-27,2072.01
9,Marina Souza,marina.souza9@email.com,Salvador,BA,Atacado,2025-03-19,
10,  ISABELA ROCHA ,,Belo Horizonte,CE,Atacado,2023-09-17,5722.8
11,Diego Almeida,diego.almeida11@email.com,São Paulo,RS,Corporativo,2024-03-31,
12,Ursula Gomes,ursula.gomes12@email.com,Salvador, rj,corporativo,2024-05-26,4162.79
13,Carla Silva,carla.silva13@email.com,Porto Alegre,RS,varejo,2024-06-26,3844.12
14,Henrique Barbosa,henrique.barbosa14@email.com,São Paulo,SC,VAREJO,2023-01-28,2701.37
15,Olivia Ribeiro,olivia.ribeiro15@email.com,Salvador,RJ,VAREJO,2024-03-30,6563.98
16,Lucas Santos,LUCAS.SANTOS16@EMAIL.COM,Curitiba, MG ,Atacado,2024-12-06,4045.66
17,Ursula Oliveira,ursula.oliveira17@email.com,Fortaleza,Minas Gerais,Varejo,2025-04-24,6116.33
18,Olivia Almeida,olivia.almeida18@email.com,Curitiba,Minas Gerais,corporativo,2023-05-18,
19,  KARINA BARBOSA ,karina.barbosa19@email.com,Belo Horizonte,Minas Gerais,Corporativo,2024-03-21,4054.59
20,Bruno Rocha,bruno.rocha20@email.com,Salvador,SC,VAREJO,2024-09-21,
21,Carla Santos,carla.santos21@email.com,Goiânia,PR,Varejo,2024-10-11,5594.34
22,Ursula Lima,ursula.lima22@email.com,Florianópolis,CE,Varejo,2023-10-03,5581.69
23,Isabela Oliveira,isabela.oliveira23@email.com,Porto Alegre,São Paulo,corporativo,2024-11-12,5549.99
24,Sofia Almeida,sofia.almeida24@email.com,Goiânia,SC,VAREJO,2024-01-10,2028.09
25,Henrique Oliveira,henrique.oliveira25@email.com,Fortaleza,GO,varejo,2024-07-05,4444.44
26,Zeca Silva,zeca.silva26@email.com,São Paulo,sp,corporativo,2024-06-15,9991.83
27,Felipe Rocha,felipe.rocha27@email.com,Florianópolis, MG ,atacado,2024-12-27,2967.65
28,Marina Gomes,,Recife,São Paulo,Atacado,2023-08-29,7664.95
29,  ANA RIBEIRO ,ana.ribeiro29@email.com,São Paulo,São Paulo,Corporativo,2024-08-22,4865.54
30,Ursula Costa,,São Paulo,RS,atacado,2024-08-28,3751.76
31,  FELIPE LIMA ,felipe.lima31@email.com,Belo Horizonte,São Paulo,Atacado,2023-10-06,7096.22
32,Zeca Oliveira,zeca.oliveira32@email.com,Fortaleza,SP,Corporativo,2025-01-16,4898.09
33,  URSULA PEREIRA ,,Fortaleza, rj,Varejo,2023-09-26,1805.16
34,Lucas Rocha,lucas.rocha34@email.com,Rio de Janeiro,MG,Atacado,2024-01-27,5714.57
35,Karina Lima,karina.lima35@email.com,Belo Horizonte,SP,VAREJO,2025-03-08,8839.39
36,João Santos,joão.santos36@email.com,Belo Horizonte,Minas Gerais,Atacado,2023-03-27,9309.16
37,  CARLA SOUZA ,carla.souza37@email.com,Recife, MG ,Corporativo,2023-02-10,2763.18
38,Rafael Rocha,rafael.rocha38@email.com,Rio de Janeiro,sp,corporativo,2023-06-26,5843.94
39,  PEDRO CARVALHO ,pedro.carvalho39@email.com,Rio de Janeiro,São Paulo,Atacado,2023-09-24,2891.92
40,  THIAGO ALMEIDA ,thiago.almeida40@email.com,Porto Alegre, rj,corporativo,2024-03-31,
41,  JOÃO ALMEIDA ,joão.almeida41@email.com,Salvador,CE,Atacado,2025-05-25,7506.89
42,Olivia Souza,olivia.souza42@email.com,Porto Alegre,Minas Gerais,varejo,2023-09-28,4440.35
43,Karina Silva,,Goiânia,Minas Gerais,Atacado,2024-10-12,5570.57
44,Henrique Silva,henrique.silva44@email.com,São Paulo,mg,Varejo,2023-05-07,1341.39
45,  CARLA SILVA ,,Salvador, MG ,Atacado,2023-09-17,3364.63
46,Henrique Pereira,henrique.pereira46@email.com,Recife, rj,Atacado,2025-01-16,10527.6
47,Eduarda Martins,eduarda.martins47@email.com,Goiânia,GO,Varejo,2025-05-16,1332.39
48,Pedro Rocha,pedro.rocha48@email.com,Florianópolis, rj,varejo,2025-02-19,
49,Diego Ribeiro,diego.ribeiro49@email.com,Florianópolis,BA,atacado,2023-10-14,4386.81
50,  NATHAN LIMA ,nathan.lima50@email.com,Belo Horizonte,SP,varejo,2023-10-07,
51,  MARINA MARTINS ,MARINA.MARTINS51@EMAIL.COM,Salvador,SP,Varejo,2024-01-22,7531.79
52,Gabriela Santos,gabriela.santos52@email.com,Fortaleza,CE,Varejo,2024-06-16,
53,  NATHAN OLIVEIRA ,nathan.oliveira53@email.com,Curitiba,CE,Varejo,2024-08-01,
54,Carla Lima,carla.lima54@email.com,Fortaleza,SP,varejo,2024-05-29,
55,Ursula Carvalho,,Belo Horizonte, MG ,Corporativo,2025-01-23,6136.05
56,Henrique Oliveira,henrique.oliveira56@email.com,Florianópolis,GO,atacado,2025-01-29,
57,Gabriela Barbosa,gabriela.barbosa57@email.com,Florianópolis,mg,Varejo,2025-01-20,4407.87
58,Marina Silva,marina.silva58@email.com,Florianópolis,São Paulo,Corporativo,2024-02-21,5819.99
59,Olivia Pereira,olivia.pereira59@email.com,Florianópolis,GO,Varejo,2024-01-26,2367.75
60,Gabriela Pereira,gabriela.pereira60@email.com,Porto Alegre,mg,Atacado,2023-12-08,7943.53
61,Yara Carvalho,yara.carvalho61@email.com,Belo Horizonte,PR,varejo,2024-05-12,5166.36
62,Bruno Gomes,bruno.gomes62@email.com,Recife,RJ,varejo,2024-04-24,4523.37
63,  QUÉSIA SOUZA ,quésia.souza63@email.com,Rio de Janeiro, MG ,Atacado,2024-04-15,4832.62
64,Carla Ribeiro,carla.ribeiro64@email.com,Porto Alegre,SC,varejo,2025-04-22,3252.67
65,Sofia Santos,sofia.santos65@email.com,Goiânia,mg,Atacado,2024-04-13,3369.22
66,Carla Almeida,carla.almeida66@email.com,Goiânia,PR,VAREJO,2024-07-08,5180.08
67,Gabriela Ribeiro,gabriela.ribeiro67@email.com,Salvador,Minas Gerais,VAREJO,2025-01-30,
68,Marina Oliveira,marina.oliveira68@email.com,Curitiba,CE,VAREJO,2023-04-18,7034.41
69,Zeca Souza,zeca.souza69@email.com,Belo Horizonte,CE,Atacado,2024-12-16,4631.18
70,  SOFIA SOUZA ,sofia.souza70@email.com,São Paulo, rj,Atacado,2023-11-24,4687.48
71,Isabela Oliveira,isabela.oliveira71@email.com,Salvador, MG ,Varejo,2024-07-05,5028.57
72,Lucas Pereira,lucas.pereira72@email.com,Rio de Janeiro,CE,Corporativo,2024-03-07,10819.13
73,  RAFAEL MARTINS ,rafael.martins73@email.com,Curitiba,MG,corporativo,2024-05-05,8273.88
74,Rafael Pereira,rafael.pereira74@email.com,São Paulo,sp,VAREJO,2023-01-12,6099.09
75,Diego Souza,,Fortaleza,sp,VAREJO,2023-12-18,5135.88
76,João Gomes,,Porto Alegre,PR,Varejo,2025-06-16,
77,Vitor Ribeiro,,Curitiba,GO,VAREJO,2023-08-10,4550.97
78,  BRUNO SOUZA ,bruno.souza78@email.com,Florianópolis,São Paulo,varejo,2023-08-05,
79,  ANA COSTA ,ana.costa79@email.com,Rio de Janeiro,São Paulo,Varejo,2025-05-16,
80,Yara Lima,yara.lima80@email.com,Fortaleza,PE,Atacado,2023-08-03,7723.04
81,  ANA SOUZA ,ana.souza81@email.com,São Paulo,sp,Atacado,2024-09-19,8383.96
82,Bruno Barbosa,bruno.barbosa82@email.com,Salvador,sp,atacado,2024-03-30,2779.67
83,Eduarda Silva,eduarda.silva83@email.com,Curitiba,BA,Corporativo,2024-04-03,
84,Bruno Costa,bruno.costa84@email.com,Porto Alegre,Minas Gerais,corporativo,2023-02-19,3487.5
85,Diego Costa,diego.costa85@email.com,Fortaleza,PE,Atacado,2023-08-18,
86,Yara Oliveira,yara.oliveira86@email.com,Porto Alegre,RJ,Corporativo,2024-07-26,7668.06
87,Felipe Almeida,felipe.almeida87@email.com,Belo Horizonte,RJ,corporativo,2024-09-13,
88,  KARINA ROCHA ,karina.rocha88@email.com,Florianópolis,Minas Gerais,VAREJO,2023-12-30,2885.85
89,Felipe Rocha,felipe.rocha89@email.com,São Paulo,SC,Corporativo,2025-01-26,0.0
90,  BRUNO BARBOSA ,bruno.barbosa90@email.com,Recife,Minas Gerais,Varejo,2023-07-15,7764.98
91,Olivia Costa,olivia.costa91@email.com,Curitiba,Minas Gerais,Varejo,2024-06-12,6547.93
92,Ana Ribeiro,ana.ribeiro92@email.com,Porto Alegre,SC,VAREJO,2024-08-10,11494.18
93,Isabela Barbosa,isabela.barbosa93@email.com,São Paulo,São Paulo,VAREJO,2025-02-04,4573.98
94,Ursula Carvalho,ursula.carvalho94@email.com,Florianópolis,PR,varejo,2024-03-29,
95,Diego Pereira,,Rio de Janeiro,São Paulo,varejo,2023-03-11,6134.91
96,Diego Gomes,DIEGO.GOMES96@EMAIL.COM,Florianópolis,BA,corporativo,2023-09-10,22.97
97,Karina Almeida,karina.almeida97@email.com,Goiânia,SP,atacado,2024-08-24,0.0
98,Sofia Santos,sofia.santos98@email.com,Curitiba,mg,corporativo,2023-04-18,6162.7
99,Nathan Silva,NATHAN.SILVA99@EMAIL.COM,Fortaleza, rj,VAREJO,2024-08-30,5861.61
100,  NATHAN SOUZA ,nathan.souza100@email.com,Salvador,PR,corporativo,2023-07-08,2574.63
101,Diego Martins,diego.martins101@email.com,Curitiba,RS,corporativo,2025-01-28,8637.61
102,Nathan Costa,nathan.costa102@email.com,Florianópolis,RS,Atacado,2023-12-20,2647.19
103,  EDUARDA SANTOS ,eduarda.santos103@email.com,Florianópolis,SC,corporativo,2023-06-24,7869.53
104,  YARA OLIVEIRA ,yara.oliveira104@email.com,Goiânia,RS,atacado,2024-03-17,5619.16
105,Rafael Barbosa,RAFAEL.BARBOSA105@EMAIL.COM,Belo Horizonte,RS,VAREJO,2024-10-14,6767.12
106,Gabriela Almeida,gabriela.almeida106@email.com,Goiânia,PR,atacado,2023-11-26,10087.68
107,Olivia Lima,olivia.lima107@email.com,Porto Alegre,GO,Corporativo,2023-12-12,2778.01
108,Yara Oliveira,yara.oliveira108@email.com,São Paulo,RS,Atacado,2023-11-03,7250.46
109,  VITOR RIBEIRO ,vitor.ribeiro109@email.com,Goiânia,PR,varejo,2024-01-14,
110,Zeca Santos,zeca.santos110@email.com,Curitiba,Minas Gerais,Corporativo,2023-10-04,1362.94
111,Gabriela Oliveira,gabriela.oliveira111@email.com,Belo Horizonte,mg,Varejo,2024-04-08,2109.13
112,Pedro Gomes,,São Paulo,CE,atacado,2024-10-10,9993.24
113,Ursula Gomes,ursula.gomes113@email.com,Porto Alegre,SC,atacado,2023-04-07,5622.59
114,Marina Santos,marina.santos114@email.com,Rio de Janeiro,MG,Corporativo,2025-06-05,1797.33
115,Zeca Souza,zeca.souza115@email.com,Florianópolis,Minas Gerais,Varejo,2023-10-20,6288.53
116,  WESLEY CARVALHO ,wesley.carvalho116@email.com,Recife,mg,Atacado,2025-05-30,6352.83
117,  HENRIQUE BARBOSA ,HENRIQUE.BARBOSA117@EMAIL.COM,São Paulo,CE,Varejo,2023-11-29,5588.19
118,Olivia Ribeiro,olivia.ribeiro118@email.com,Fortaleza,PR,Corporativo,2023-04-09,
119,Olivia Gomes,olivia.gomes119@email.com,Fortaleza,PE,Corporativo,2024-02-04,5672.28
120,  RAFAEL LIMA ,rafael.lima120@email.com,Rio de Janeiro,GO,atacado,2023-01-05,8406.61
121,Isabela Rocha,isabela.rocha121@email.com,Porto Alegre,São Paulo,Corporativo,2025-03-23,157.9
122,Zeca Carvalho,zeca.carvalho122@email.com,Recife,Minas Gerais,VAREJO,2023-09-27,6448.9
123,Olivia Souza,olivia.souza123@email.com,Curitiba,Minas Gerais,VAREJO,2024-07-28,
124,Karina Costa,karina.costa124@email.com,Fortaleza, MG ,Varejo,2023-09-24,673.32
125,Eduarda Santos,eduarda.santos125@email.com,Florianópolis,sp,corporativo,2023-04-03,2240.65
126,  GABRIELA SOUZA ,gabriela.souza126@email.com,Florianópolis,PE,VAREJO,2023-11-25,8031.3
127,Rafael Lima,rafael.lima127@email.com,Florianópolis,mg,Varejo,2025-06-01,4796.03
128,Nathan Almeida,nathan.almeida128@email.com,Goiânia,MG,Corporativo,2023-09-14,0.0
129,Zeca Gomes,zeca.gomes129@email.com,Florianópolis,GO,varejo,2023-09-27,5873.38
130,Lucas Pereira,lucas.pereira130@email.com,Florianópolis,PE,Atacado,2023-10-18,4582.68
131,Yara Martins,yara.martins131@email.com,Fortaleza,Minas Gerais,atacado,2023-08-19,3747.89
132,  HENRIQUE PEREIRA ,henrique.pereira132@email.com,Florianópolis,GO,varejo,2025-01-03,3852.9
133,Marina Costa,MARINA.COSTA133@EMAIL.COM,Florianópolis,RJ,Corporativo,2025-04-24,
134,Olivia Oliveira,,Goiânia,MG,atacado,2025-05-13,2712.11
135,Sofia Gomes,,Belo Horizonte, MG ,corporativo,2025-02-05,
136,Nathan Oliveira,nathan.oliveira136@email.com,Recife,RJ,varejo,2023-04-11,4446.16
137,  ISABELA ALMEIDA ,,Salvador, rj,atacado,2024-01-09,4969.79
138,Karina Costa,karina.costa138@email.com,Florianópolis,São Paulo,Corporativo,2025-02-15,4122.62
139,Nathan Pereira,nathan.pereira139@email.com,São Paulo,GO,varejo,2025-04-02,2692.78
140,Yara Carvalho,YARA.CARVALHO140@EMAIL.COM,Belo Horizonte,BA,Varejo,2024-03-07,2201.16
141,  URSULA SOUZA ,,Belo Horizonte,MG,Varejo,2023-10-15,
142,  GABRIELA BARBOSA ,,Belo Horizonte,sp,Varejo,2023-05-05,950.32
143,Eduarda Lima,eduarda.lima143@email.com,São Paulo, rj,atacado,2024-09-10,5247.59
144,Wesley Pereira,wesley.pereira144@email.com,Salvador,RJ,Atacado,2025-02-03,2767.17
145,Thiago Martins,thiago.martins145@email.com,São Paulo,RJ,VAREJO,2025-03-29,7840.12
146,Diego Gomes,diego.gomes146@email.com,Belo Horizonte,RS,Atacado,2025-06-05,8124.16
147,Vitor Almeida,,Florianópolis, rj,varejo,2025-02-14,
148,  SOFIA MARTINS ,sofia.martins148@email.com,Porto Alegre,SP,corporativo,2023-01-27,9322.49
149,Zeca Pereira,zeca.pereira149@email.com,Goiânia,SP,Corporativo,2024-11-29,2266.32
150,Sofia Rocha,SOFIA.ROCHA150@EMAIL.COM,Belo Horizonte,BA,Atacado,2023-05-10,4800.68
151,Nathan Ribeiro,nathan.ribeiro151@email.com,Salvador, MG ,Atacado,2023-03-23,4492.72
152,Ursula Costa,,Belo Horizonte,PE,Corporativo,2025-03-03,1874.21
153,Pedro Souza,PEDRO.SOUZA153@EMAIL.COM,Florianópolis,BA,corporativo,2023-02-16,7648.06
154,Olivia Martins,olivia.martins154@email.com,Rio de Janeiro,PE,Varejo,2024-06-20,5861.51
155,Yara Carvalho,yara.carvalho155@email.com,Curitiba,GO,atacado,2024-10-07,4202.23
156,  NATHAN BARBOSA ,nathan.barbosa156@email.com,Goiânia,São Paulo,VAREJO,2025-06-04,
157,Henrique Barbosa,henrique.barbosa157@email.com,São Paulo,São Paulo,atacado,2024-02-26,2151.43
158,  HENRIQUE ROCHA ,henrique.rocha158@email.com,Recife,SC,VAREJO,2023-05-15,2094.8
159,Ana Lima,ana.lima159@email.com,Salvador,RJ,atacado,2024-01-07,8035.47
160,Gabriela Costa,gabriela.costa160@email.com,Curitiba,PR,VAREJO,2024-04-10,4050.48
161,Thiago Martins,,Curitiba,MG,Atacado,2023-01-03,
162,Gabriela Souza,gabriela.souza162@email.com,Porto Alegre,PE,atacado,2023-07-03,4766.75
163,Rafael Rocha,rafael.rocha163@email.com,Porto Alegre,GO,corporativo,2023-12-13,7422.49
164,Wesley Lima,wesley.lima164@email.com,Recife,MG,varejo,2024-01-04,
165,  JOÃO SANTOS ,joão.santos165@email.com,Florianópolis,Minas Gerais,VAREJO,2023-01-22,
166,Vitor Gomes,vitor.gomes166@email.com,Salvador,GO,Atacado,2025-05-09,7077.58
167,Quésia Costa,quésia.costa167@email.com,Florianópolis,PR,VAREJO,2023-04-26,2480.27
168,Wesley Lima,wesley.lima168@email.com,Curitiba,RS,VAREJO,2023-02-10,4969.2
169,Henrique Souza,henrique.souza169@email.com,Porto Alegre,PR,varejo,2023-04-05,2222.24
170,  YARA CARVALHO ,yara.carvalho170@email.com,Rio de Janeiro, rj,Varejo,2025-06-05,
171,Yara Lima,yara.lima171@email.com,Curitiba,RS,varejo,2024-04-13,5096.45
172,Gabriela Pereira,gabriela.pereira172@email.com,Porto Alegre,BA,Varejo,2023-05-29,6197.19
173,João Silva,joão.silva173@email.com,Fortaleza,sp,VAREJO,2023-02-08,
174,Bruno Silva,,Fortaleza,RS,corporativo,2023-07-06,5174.8
175,  EDUARDA RIBEIRO ,eduarda.ribeiro175@email.com,Recife,SP,Corporativo,2023-06-16,7468.51
176,Ana Gomes,ana.gomes176@email.com,Curitiba,GO,atacado,2023-08-09,8408.57
177,  OLIVIA COSTA ,olivia.costa177@email.com,Rio de Janeiro,mg,VAREJO,2023-01-03,4584.61
178,Pedro Souza,pedro.souza178@email.com,São Paulo,SC,atacado,2024-11-30,
179,Carla Gomes,carla.gomes179@email.com,Belo Horizonte,sp,Varejo,2023-05-13,6473.87
180,Sofia Pereira,,São Paulo,Minas Gerais,varejo,2023-05-28,7164.92
181,Rafael Rocha,rafael.rocha181@email.com,Florianópolis,Minas Gerais,Corporativo,2025-05-23,4110.75
182,Quésia Almeida,quésia.almeida182@email.com,Recife,CE,VAREJO,2023-12-27,691.34
183,Sofia Almeida,SOFIA.ALMEIDA183@EMAIL.COM,Curitiba,mg,Atacado,2025-04-18,3789.92
184,Yara Souza,yara.souza184@email.com,Porto Alegre, rj,VAREJO,2023-11-05,5327.57
185,Vitor Souza,,Rio de Janeiro,Minas Gerais,Varejo,2024-05-12,
186,Rafael Souza,rafael.souza186@email.com,Rio de Janeiro,MG,atacado,2025-06-13,4734.55
187,Olivia Martins,olivia.martins187@email.com,Goiânia,GO,VAREJO,2024-10-09,3969.16
188,Bruno Santos,bruno.santos188@email.com,Curitiba,RS,corporativo,2024-02-19,5573.7
189,Olivia Souza,,Porto Alegre,São Paulo,Corporativo,2025-06-08,5827.6
190,Ursula Gomes,ursula.gomes190@email.com,Porto Alegre,PE,varejo,2024-02-09,7176.39
191,Rafael Santos,rafael.santos191@email.com,Rio de Janeiro,São Paulo,Corporativo,2025-03-15,6917.06
192,Eduarda Souza,eduarda.souza192@email.com,Belo Horizonte,RJ,Corporativo,2024-05-20,3176.78
193,João Gomes,joão.gomes193@email.com,Goiânia,RS,atacado,2023-10-20,4062.9
194,  DIEGO LIMA ,diego.lima194@email.com,Curitiba,SC,VAREJO,2024-08-23,3748.14
195,Quésia Carvalho,quésia.carvalho195@email.com,Recife,CE,varejo,2025-02-23,4157.92
196,Thiago Silva,thiago.silva196@email.com,Florianópolis,PR,Atacado,2023-09-05,6540.34
197,Isabela Silva,isabela.silva197@email.com,São Paulo,Minas Gerais,corporativo,2023-10-04,7613.83
198,Sofia Gomes,SOFIA.GOMES198@EMAIL.COM,Belo Horizonte,São Paulo,Atacado,2024-07-16,3680.21
199,Bruno Rocha,bruno.rocha199@email.com,Rio de Janeiro,GO,Atacado,2025-02-01,2613.02
200,Ursula Lima,ursula.lima200@email.com,Curitiba,RJ,Atacado,2025-02-07,2851.98
201,Nathan Ribeiro,nathan.ribeiro201@email.com,Recife, MG ,atacado,2023-01-19,4489.83
202,Lucas Almeida,lucas.almeida202@email.com,Salvador,PR,corporativo,2024-11-01,5374.61
203,Diego Barbosa,diego.barbosa203@email.com,Rio de Janeiro,PR,atacado,2023-09-15,3858.82
204,  WESLEY LIMA ,,Curitiba,SC,Corporativo,2023-07-16,2320.09
205,Zeca Carvalho,zeca.carvalho205@email.com,Belo Horizonte,CE,varejo,2024-06-28,4426.77
206,  KARINA PEREIRA ,karina.pereira206@email.com,Salvador,SP,Corporativo,2023-04-15,12023.03
207,Marina Barbosa,,Fortaleza,MG,corporativo,2025-04-24,6081.49
208,Rafael Lima,rafael.lima208@email.com,Florianópolis,mg,Varejo,2023-05-05,1140.94
209,Quésia Costa,quésia.costa209@email.com,Goiânia,GO,corporativo,2023-09-23,5450.91
210,Olivia Rocha,olivia.rocha210@email.com,Belo Horizonte, rj,VAREJO,2024-09-09,6236.39
211,Rafael Oliveira,rafael.oliveira211@email.com,Curitiba,CE,corporativo,2023-07-08,6299.15
212,Pedro Souza,pedro.souza212@email.com,Belo Horizonte,Minas Gerais,corporativo,2023-02-16,8258.91
213,Felipe Pereira,felipe.pereira213@email.com,Fortaleza,MG,Atacado,2023-07-19,5255.08
214,  NATHAN SOUZA ,nathan.souza214@email.com,Porto Alegre,SP,atacado,2025-03-14,
215,  DIEGO RIBEIRO ,diego.ribeiro215@email.com,Rio de Janeiro,GO,corporativo,2023-03-30,4324.61
216,  JOÃO CARVALHO ,joão.carvalho216@email.com,Curitiba,PE,Corporativo,2023-02-01,2764.48
217,Pedro Lima,,Porto Alegre,CE,Atacado,2024-01-17,8221.11
218,Eduarda Almeida,eduarda.almeida218@email.com,Porto Alegre,sp,Corporativo,2023-12-22,9296.99
219,Carla Pereira,carla.pereira219@email.com,Florianópolis,PR,Corporativo,2025-05-15,6182.72
220,  QUÉSIA PEREIRA ,quésia.pereira220@email.com,Belo Horizonte,RS,corporativo,2023-04-18,
221,João Barbosa,joão.barbosa221@email.com,Goiânia,GO,Corporativo,2023-06-15,8682.38
222,  EDUARDA LIMA ,eduarda.lima222@email.com,Fortaleza,GO,VAREJO,2025-02-26,4363.48
223,Karina Carvalho,karina.carvalho223@email.com,Fortaleza,SC,atacado,2023-11-30,
224,Karina Barbosa,karina.barbosa224@email.com,Porto Alegre,Minas Gerais,Atacado,2024-10-01,2505.37
225,Marina Santos,marina.santos225@email.com,Florianópolis,mg,VAREJO,2024-11-10,6043.68
226,Yara Lima,YARA.LIMA226@EMAIL.COM,Florianópolis,SC,corporativo,2023-09-01,4973.4
227,Ursula Oliveira,ursula.oliveira227@email.com,Recife,mg,Varejo,2025-01-25,8829.45
228,Quésia Gomes,,Salvador,SP,Corporativo,2025-03-12,9834.48
229,  OLIVIA SOUZA ,olivia.souza229@email.com,Fortaleza,CE,varejo,2025-03-14,1693.65
230,  YARA OLIVEIRA ,yara.oliveira230@email.com,Florianópolis,sp,varejo,2023-03-31,3314.47
231,  PEDRO ROCHA ,pedro.rocha231@email.com,Curitiba,PR,Atacado,2025-04-16,3777.31
232,Wesley Almeida,,São Paulo,PR,Corporativo,2024-07-03,
233,Vitor Barbosa,vitor.barbosa233@email.com,Fortaleza,SC,VAREJO,2025-05-16,8226.41
234,Ursula Martins,,Recife,mg,Atacado,2024-11-09,6309.88
235,Carla Santos,carla.santos235@email.com,Curitiba,Minas Gerais,corporativo,2025-04-12,2193.08
236,Carla Almeida,carla.almeida236@email.com,São Paulo,SP,atacado,2023-06-03,5817.52
237,  FELIPE MARTINS ,felipe.martins237@email.com,Curitiba,MG,varejo,2025-06-02,8192.45
238,Karina Rocha,karina.rocha238@email.com,Belo Horizonte,RS,VAREJO,2023-04-03,5169.97
239,Lucas Almeida,lucas.almeida239@email.com,Rio de Janeiro,Minas Gerais,Atacado,2023-09-01,8791.98
240,Nathan Gomes,nathan.gomes240@email.com,Rio de Janeiro,RJ,Varejo,2024-02-10,6936.24
241,  CARLA GOMES ,carla.gomes241@email.com,Florianópolis,Minas Gerais,atacado,2025-05-21,6989.45
242,Sofia Oliveira,sofia.oliveira242@email.com,Porto Alegre,CE,corporativo,2023-12-17,6655.2
243,Isabela Lima,,Curitiba,MG,Corporativo,2024-08-13,4062.64
244,Olivia Pereira,,Fortaleza,RJ,varejo,2025-04-30,3500.63
245,Olivia Costa,,Goiânia,RS,corporativo,2023-10-30,0.0
246,Nathan Martins,,Curitiba,CE,Corporativo,2024-10-31,5626.12
247,João Santos,joão.santos247@email.com,Florianópolis,GO,varejo,2023-02-22,3902.37
248,Henrique Almeida,henrique.almeida248@email.com,Goiânia,BA,Atacado,2023-09-01,1060.95
249,  JOÃO MARTINS ,joão.martins249@email.com,Curitiba,MG,Corporativo,2024-06-05,0.0
250,Vitor Almeida,vitor.almeida250@email.com,Curitiba,MG,Atacado,2023-12-04,2508.95
251,Vitor Rocha,vitor.rocha251@email.com,Belo Horizonte,GO,Corporativo,2025-03-04,3312.22
252,João Rocha,JOÃO.ROCHA252@EMAIL.COM,Porto Alegre,BA,Varejo,2024-12-16,5940.11
253,Ursula Santos,ursula.santos253@email.com,Goiânia,São Paulo,corporativo,2023-04-13,
254,Zeca Martins,zeca.martins254@email.com,Rio de Janeiro,SP,corporativo,2023-12-06,4690.48
255,Ursula Silva,,Curitiba,CE,varejo,2024-04-05,5675.24
256,Sofia Costa,,Rio de Janeiro, MG ,VAREJO,2025-05-02,6644.72
257,Karina Martins,karina.martins257@email.com,Florianópolis,RJ,Varejo,2023-11-24,3683.21
258,Eduarda Rocha,,Fortaleza,BA,Atacado,2023-02-02,3169.29
259,Quésia Pereira,,Rio de Janeiro,São Paulo,Corporativo,2023-10-07,
260,  PEDRO ROCHA ,pedro.rocha260@email.com,Curitiba,PR,Corporativo,2025-04-22,4059.47
261,Diego Lima,diego.lima261@email.com,São Paulo,sp,Corporativo,2025-06-09,666.98
262,  HENRIQUE BARBOSA ,henrique.barbosa262@email.com,Florianópolis,BA,varejo,2023-02-26,8321.58
263,Marina Silva,marina.silva263@email.com,Curitiba,SP,atacado,2024-07-11,
264,Lucas Ribeiro,lucas.ribeiro264@email.com,Curitiba,SC,Corporativo,2025-01-27,5728.08
265,Ursula Costa,ursula.costa265@email.com,São Paulo,Minas Gerais,atacado,2025-02-15,619.75
266,  ANA GOMES ,,Fortaleza,PR,Atacado,2023-12-14,5841.0
267,Henrique Ribeiro,HENRIQUE.RIBEIRO267@EMAIL.COM,São Paulo,CE,corporativo,2023-10-11,321.95
268,João Ribeiro,joão.ribeiro268@email.com,Florianópolis,SP,Varejo,2023-05-22,1475.45
269,  BRUNO SILVA ,BRUNO.SILVA269@EMAIL.COM,Curitiba,GO,varejo,2023-05-14,6736.68
270,Diego Santos,diego.santos270@email.com,Fortaleza,sp,atacado,2023-06-25,3952.88
271,Olivia Costa,olivia.costa271@email.com,Fortaleza,PE,Atacado,2023-04-11,10573.18
272,Yara Martins,yara.martins272@email.com,Rio de Janeiro,PE,corporativo,2023-03-23,4476.48
273,Diego Barbosa,diego.barbosa273@email.com,Recife,PE,VAREJO,2023-05-26,7302.88
274,  BRUNO MARTINS ,bruno.martins274@email.com,Salvador, rj,atacado,2024-01-27,2829.52
275,Olivia Santos,olivia.santos275@email.com,Salvador,SP,corporativo,2023-09-07,1881.71
276,Lucas Carvalho,,Salvador,mg,atacado,2025-06-14,1523.29
277,Isabela Santos,,São Paulo,CE,varejo,2024-06-22,8791.1
278,Vitor Santos,,Goiânia,MG,varejo,2025-06-02,6274.75
279,Karina Santos,karina.santos279@email.com,Rio de Janeiro, rj,varejo,2023-06-23,5226.86
280,Zeca Carvalho,zeca.carvalho280@email.com,Porto Alegre, rj,Corporativo,2025-02-09,2865.6
281,Henrique Costa,henrique.costa281@email.com,Rio de Janeiro,MG,VAREJO,2024-03-16,1432.16
282,  EDUARDA OLIVEIRA ,eduarda.oliveira282@email.com,Fortaleza,São Paulo,Corporativo,2024-02-18,0.0
283,Felipe Souza,,Belo Horizonte,sp,varejo,2023-03-31,4023.31
284,Lucas Rocha,lucas.rocha284@email.com,Porto Alegre,PR,varejo,2025-05-10,5824.86
285,  FELIPE PEREIRA ,felipe.pereira285@email.com,Belo Horizonte,sp,corporativo,2024-12-22,5446.85
286,  NATHAN CARVALHO ,nathan.carvalho286@email.com,São Paulo, MG ,atacado,2023-05-13,4115.96
287,Olivia Rocha,olivia.rocha287@email.com,Salvador,SP,atacado,2023-07-05,3584.26
288,Quésia Santos,quésia.santos288@email.com,Goiânia,mg,corporativo,2024-02-08,6246.8
289,Vitor Carvalho,vitor.carvalho289@email.com,Curitiba,CE,corporativo,2023-11-25,6370.32
290,Ana Silva,ana.silva290@email.com,Recife,SC,atacado,2023-04-28,3212.81
291,Vitor Souza,vitor.souza291@email.com,Recife,CE,varejo,2024-02-29,4414.69
292,Carla Costa,carla.costa292@email.com,Goiânia,sp,varejo,2024-07-06,4574.03
293,Eduarda Pereira,eduarda.pereira293@email.com,Goiânia,PR,atacado,2024-11-18,
294,Thiago Carvalho,thiago.carvalho294@email.com,Curitiba,CE,Atacado,2024-05-11,2674.34
295,Thiago Almeida,thiago.almeida295@email.com,São Paulo,SP,Corporativo,2024-11-05,8409.63
296,Ursula Ribeiro,ursula.ribeiro296@email.com,Fortaleza, rj,atacado,2023-08-30,5988.77
297,  OLIVIA SANTOS ,olivia.santos297@email.com,Florianópolis,PR,Corporativo,2023-02-23,3429.07
298,  OLIVIA ALMEIDA ,olivia.almeida298@email.com,Florianópolis,SP,VAREJO,2025-01-20,
299,Nathan Costa,nathan.costa299@email.com,Curitiba,BA,Varejo,2025-05-14,2091.32
300,Vitor Lima,vitor.lima300@email.com,São Paulo, MG ,Corporativo,2023-09-06,4450.16
301,Carla Souza,carla.souza301@email.com,Florianópolis,SP,corporativo,2024-08-31,7571.95
302,  YARA COSTA ,yara.costa302@email.com,Rio de Janeiro,mg,Atacado,2023-01-04,
303,Rafael Carvalho,rafael.carvalho303@email.com,Salvador,SP,atacado,2023-08-01,2537.51
304,Lucas Barbosa,lucas.barbosa304@email.com,Florianópolis,mg,VAREJO,2023-06-19,3176.06
305,Thiago Pereira,thiago.pereira305@email.com,Salvador,SP,Atacado,2023-03-06,2331.02
306,  QUÉSIA SANTOS ,quésia.santos306@email.com,Rio de Janeiro,GO,Varejo,2023-08-10,4219.11
307,Diego Costa,diego.costa307@email.com,Fortaleza,BA,varejo,2024-04-29,5720.55
308,Zeca Pereira,zeca.pereira308@email.com,Goiânia,Minas Gerais,Corporativo,2024-12-23,6330.32
309,Nathan Barbosa,NATHAN.BARBOSA309@EMAIL.COM,Fortaleza,MG,Atacado,2023-03-18,5116.39
310,Vitor Barbosa,vitor.barbosa310@email.com,Curitiba,MG,Varejo,2023-05-26,0.0
311,  ISABELA MARTINS ,isabela.martins311@email.com,Curitiba,PR,VAREJO,2023-03-31,
312,Ana Oliveira,ana.oliveira312@email.com,Rio de Janeiro,SC,varejo,2024-07-11,7434.55
313,Eduarda Martins,eduarda.martins313@email.com,Belo Horizonte, MG ,corporativo,2023-05-26,
314,Quésia Santos,quésia.santos314@email.com,Florianópolis,PE,atacado,2024-11-05,7923.85
315,Karina Oliveira,karina.oliveira315@email.com,Salvador,RS,corporativo,2024-11-27,4035.93
316,  KARINA ROCHA ,karina.rocha316@email.com,Goiânia, MG ,varejo,2024-10-24,6879.49
317,Eduarda Oliveira,eduarda.oliveira317@email.com,Goiânia,mg,corporativo,2024-08-16,
318,Carla Pereira,carla.pereira318@email.com,Recife,PE,atacado,2024-03-02,3253.3
319,Thiago Lima,thiago.lima319@email.com,Florianópolis,São Paulo,Varejo,2023-08-13,962.37
320,Zeca Carvalho,ZECA.CARVALHO320@EMAIL.COM,São Paulo,BA,atacado,2024-11-24,1248.33
321,Diego Pereira,DIEGO.PEREIRA321@EMAIL.COM,Goiânia,GO,Atacado,2024-02-12,
322,Vitor Pereira,VITOR.PEREIRA322@EMAIL.COM,Belo Horizonte,Minas Gerais,atacado,2023-11-10,1068.68
323,Thiago Silva,thiago.silva323@email.com,Belo Horizonte, rj,VAREJO,2024-05-07,3835.58
324,Gabriela Rocha,,Rio de Janeiro,São Paulo,VAREJO,2024-04-23,2180.12
325,Karina Souza,karina.souza325@email.com,Belo Horizonte,GO,corporativo,2023-04-03,3866.4
326,Nathan Oliveira,nathan.oliveira326@email.com,Rio de Janeiro,SC,Atacado,2024-03-04,0.0
327,  WESLEY SANTOS ,wesley.santos327@email.com,Fortaleza,BA,varejo,2024-09-02,3678.93
328,Marina Barbosa,,Belo Horizonte,PE,varejo,2025-04-09,
329,Olivia Souza,,Salvador,PE,Atacado,2023-01-28,2648.67
330,Marina Martins,marina.martins330@email.com,Florianópolis,RS,varejo,2023-04-30,4922.92
331,Marina Silva,marina.silva331@email.com,Salvador,RJ,Corporativo,2023-06-01,4526.11
332,Thiago Lima,thiago.lima332@email.com,Salvador, MG ,atacado,2024-02-25,6266.46
333,Diego Santos,DIEGO.SANTOS333@EMAIL.COM,Florianópolis,SC,Atacado,2025-03-04,3770.63
334,Carla Almeida,carla.almeida334@email.com,Curitiba,PR,Varejo,2024-11-19,3585.9
335,Karina Rocha,karina.rocha335@email.com,Rio de Janeiro, MG ,Atacado,2023-05-20,5176.05
336,Ursula Souza,URSULA.SOUZA336@EMAIL.COM,Fortaleza, rj,Corporativo,2024-07-15,2370.28
337,  LUCAS COSTA ,lucas.costa337@email.com,Rio de Janeiro,Minas Gerais,varejo,2025-01-19,3871.54
338,Eduarda Pereira,eduarda.pereira338@email.com,Porto Alegre,RJ,Atacado,2024-10-30,5742.29
339,Eduarda Rocha,eduarda.rocha339@email.com,São Paulo,RJ,Corporativo,2023-04-19,5238.6
340,Ursula Lima,ursula.lima340@email.com,Recife,CE,corporativo,2023-03-06,7772.92
341,  SOFIA RIBEIRO ,sofia.ribeiro341@email.com,Goiânia,PR,Corporativo,2024-06-12,5684.61
342,Ursula Costa,,Rio de Janeiro,CE,varejo,2023-01-01,4181.74
343,Pedro Lima,pedro.lima343@email.com,Curitiba,São Paulo,Atacado,2023-06-25,4238.93
344,Bruno Costa,bruno.costa344@email.com,Fortaleza, MG ,VAREJO,2023-10-21,4998.59
345,Olivia Lima,olivia.lima345@email.com,Belo Horizonte,mg,VAREJO,2024-10-14,4982.21
346,João Souza,joão.souza346@email.com,São Paulo,SC,atacado,2023-09-16,6209.96
347,Sofia Carvalho,sofia.carvalho347@email.com,Belo Horizonte,CE,Corporativo,2023-12-08,2800.89
348,Sofia Ribeiro,sofia.ribeiro348@email.com,Porto Alegre,PR,Atacado,2024-04-20,4433.86
349,Pedro Carvalho,pedro.carvalho349@email.com,Rio de Janeiro,mg,atacado,2023-03-14,5219.91
350,Diego Rocha,diego.rocha350@email.com,Salvador, MG ,Atacado,2024-05-19,
351,  URSULA OLIVEIRA ,ursula.oliveira351@email.com,Belo Horizonte,Minas Gerais,corporativo,2023-02-20,5081.74
352,  OLIVIA LIMA ,olivia.lima352@email.com,Fortaleza,RJ,VAREJO,2023-07-25,5578.21
353,  LUCAS PEREIRA ,,Florianópolis,PE,Corporativo,2025-04-10,4578.37
354,  KARINA RIBEIRO ,karina.ribeiro354@email.com,Goiânia,mg,Corporativo,2024-06-07,
355,Ursula Ribeiro,URSULA.RIBEIRO355@EMAIL.COM,Salvador, MG ,VAREJO,2024-05-08,6696.31
356,  DIEGO CARVALHO ,diego.carvalho356@email.com,Florianópolis,RS,VAREJO,2023-06-10,3459.52
357,Yara Barbosa,yara.barbosa357@email.com,Goiânia,sp,VAREJO,2025-04-08,8563.32
358,  CARLA GOMES ,carla.gomes358@email.com,Rio de Janeiro,BA,VAREJO,2024-03-05,5253.62
359,Ursula Martins,ursula.martins359@email.com,Florianópolis,sp,Atacado,2024-04-14,
360,Wesley Souza,wesley.souza360@email.com,Curitiba,SC,corporativo,2024-12-30,4333.97
361,Karina Barbosa,karina.barbosa361@email.com,Rio de Janeiro, MG ,corporativo,2023-05-06,3613.57
362,Vitor Almeida,,Fortaleza,BA,varejo,2025-01-11,6547.76
363,  LUCAS PEREIRA ,lucas.pereira363@email.com,Rio de Janeiro, rj,VAREJO,2023-06-26,3048.92
364,  ZECA LIMA ,zeca.lima364@email.com,Porto Alegre,Minas Gerais,Varejo,2025-03-26,0.0
365,Eduarda Souza,eduarda.souza365@email.com,Curitiba,SP,Atacado,2024-09-29,7567.26
366,Zeca Carvalho,zeca.carvalho366@email.com,Fortaleza,mg,corporativo,2023-03-09,3542.21
367,Karina Rocha,karina.rocha367@email.com,Goiânia,sp,Atacado,2024-10-17,2842.04
368,Marina Oliveira,marina.oliveira368@email.com,Rio de Janeiro,RJ,Corporativo,2024-02-22,2095.16
369,Wesley Rocha,wesley.rocha369@email.com,Goiânia,RJ,corporativo,2023-03-27,0.0
370,  OLIVIA SILVA ,olivia.silva370@email.com,Florianópolis,BA,corporativo,2024-09-15,2821.96
371,Yara Santos,yara.santos371@email.com,Recife,RS,Corporativo,2023-01-23,5538.26
372,Yara Rocha,yara.rocha372@email.com,Recife,Minas Gerais,Atacado,2025-01-31,3534.87
373,Henrique Pereira,henrique.pereira373@email.com,Recife, rj,VAREJO,2023-06-18,6212.73
374,  VITOR GOMES ,vitor.gomes374@email.com,Recife,CE,Corporativo,2024-09-10,4410.41
375,  JOÃO ROCHA ,joão.rocha375@email.com,Florianópolis,PE,Varejo,2023-10-23,
376,Gabriela Rocha,gabriela.rocha376@email.com,Goiânia,sp,Corporativo,2024-08-09,3598.88
377,Isabela Silva,ISABELA.SILVA377@EMAIL.COM,Recife,BA,Atacado,2024-07-23,3081.96
378,  DIEGO MARTINS ,diego.martins378@email.com,Fortaleza,SP,VAREJO,2024-04-08,5579.15
379,Carla Rocha,carla.rocha379@email.com,Rio de Janeiro,São Paulo,atacado,2024-03-27,3672.95
380,  QUÉSIA OLIVEIRA ,quésia.oliveira380@email.com,Florianópolis, MG ,Varejo,2024-07-23,5629.64
381,Olivia Costa,,Belo Horizonte,PE,varejo,2023-03-12,7971.96
382,Marina Carvalho,marina.carvalho382@email.com,Salvador,Minas Gerais,atacado,2024-02-12,4974.51
383,Carla Costa,carla.costa383@email.com,Porto Alegre,MG,VAREJO,2024-05-08,6191.51
384,Diego Barbosa,diego.barbosa384@email.com,Salvador,sp,Varejo,2024-01-17,1666.31
385,Bruno Pereira,bruno.pereira385@email.com,Recife,sp,Corporativo,2023-10-24,8270.62
386,Wesley Lima,,Recife,MG,varejo,2024-04-22,5284.37
387,Ana Pereira,ana.pereira387@email.com,Porto Alegre,sp,Atacado,2023-12-02,7306.6
388,Yara Gomes,yara.gomes388@email.com,Fortaleza,PE,varejo,2023-08-26,2514.16
389,Zeca Pereira,zeca.pereira389@email.com,Porto Alegre,RS,varejo,2024-10-29,
390,Bruno Santos,bruno.santos390@email.com,Florianópolis,CE,varejo,2023-02-05,6457.77
391,Diego Barbosa,diego.barbosa391@email.com,Recife,MG,corporativo,2024-09-08,9305.9
392,Quésia Gomes,quésia.gomes392@email.com,Porto Alegre,sp,VAREJO,2025-06-12,
393,Nathan Silva,NATHAN.SILVA393@EMAIL.COM,Goiânia,BA,Varejo,2025-04-30,55.63
394,  SOFIA ALMEIDA ,sofia.almeida394@email.com,Rio de Janeiro, MG ,Atacado,2023-04-08,4913.81
395,Lucas Souza,lucas.souza395@email.com,Fortaleza,MG,atacado,2024-06-27,2115.81
396,Pedro Silva,pedro.silva396@email.com,Florianópolis,BA,VAREJO,2023-01-23,3830.06
397,Yara Silva,yara.silva397@email.com,Salvador, MG ,VAREJO,2024-03-07,7046.91
398,Henrique Martins,henrique.martins398@email.com,São Paulo,PR,Varejo,2025-03-16,479.64
399,Bruno Costa,,Fortaleza,PR,Corporativo,2023-09-06,6929.69
400,Ursula Oliveira,ursula.oliveira400@email.com,Recife,GO,corporativo,2024-08-13,3004.62
401,Felipe Rocha,,Rio de Janeiro, MG ,corporativo,2024-08-16,5496.45
402,Zeca Lima,zeca.lima402@email.com,Belo Horizonte,RS,Varejo,2024-02-08,5537.75
403,Bruno Rocha,bruno.rocha403@email.com,Porto Alegre,mg,VAREJO,2024-02-25,4929.96
404,João Carvalho,joão.carvalho404@email.com,Florianópolis,GO,VAREJO,2023-08-20,7671.16
405,Bruno Rocha,bruno.rocha405@email.com,Porto Alegre,RS,VAREJO,2024-06-04,4121.19
406,  ZECA SILVA ,zeca.silva406@email.com,Salvador,São Paulo,varejo,2025-01-24,4762.59
407,  LUCAS ALMEIDA ,lucas.almeida407@email.com,Florianópolis,CE,atacado,2023-08-23,2643.3
408,  KARINA OLIVEIRA ,karina.oliveira408@email.com,Recife,GO,VAREJO,2023-02-22,
409,Quésia Pereira,quésia.pereira409@email.com,São Paulo,PE,varejo,2023-08-23,2976.37
410,Nathan Gomes,nathan.gomes410@email.com,Rio de Janeiro,RS,VAREJO,2023-10-18,8252.9
411,Diego Souza,,Salvador,RS,VAREJO,2025-03-19,726.93
412,Olivia Gomes,olivia.gomes412@email.com,Florianópolis,RJ,corporativo,2023-04-13,4250.87
413,Olivia Costa,olivia.costa413@email.com,Recife,mg,corporativo,2024-07-05,6507.52
414,Lucas Gomes,lucas.gomes414@email.com,Florianópolis,São Paulo,corporativo,2023-03-02,2494.06
415,Bruno Souza,bruno.souza415@email.com,Florianópolis,BA,Atacado,2025-04-24,6372.46
416,  YARA RIBEIRO ,yara.ribeiro416@email.com,Rio de Janeiro,MG,Varejo,2023-11-28,5432.52
417,Thiago Ribeiro,thiago.ribeiro417@email.com,Recife,mg,Varejo,2023-08-09,3651.16
418,Carla Santos,carla.santos418@email.com,Salvador,BA,atacado,2023-11-07,4264.13
419,Sofia Silva,,Goiânia,sp,corporativo,2024-10-01,6975.98
420,Olivia Costa,,Salvador,CE,Corporativo,2024-01-22,
421,Carla Gomes,carla.gomes421@email.com,Rio de Janeiro,BA,atacado,2025-01-20,5231.7
422,Karina Ribeiro,karina.ribeiro422@email.com,Curitiba,Minas Gerais,varejo,2025-02-21,5585.75
423,Ana Martins,ana.martins423@email.com,Rio de Janeiro,GO,Atacado,2024-03-15,2306.1
424,Marina Carvalho,marina.carvalho424@email.com,São Paulo,São Paulo,Corporativo,2024-01-14,4902.25
425,  ISABELA MARTINS ,isabela.martins425@email.com,Recife, rj,Atacado,2023-05-29,1515.82
426,João Martins,,Recife, rj,varejo,2024-09-29,
427,  EDUARDA BARBOSA ,eduarda.barbosa427@email.com,São Paulo,CE,Varejo,2023-10-09,6687.86
428,Wesley Lima,wesley.lima428@email.com,São Paulo,PR,corporativo,2024-11-11,5616.71
429,Lucas Martins,LUCAS.MARTINS429@EMAIL.COM,São Paulo,RS,VAREJO,2023-12-19,4512.55
430,Felipe Martins,felipe.martins430@email.com,Rio de Janeiro,BA,Atacado,2023-12-13,384.16
431,  HENRIQUE SOUZA ,,Porto Alegre,sp,Varejo,2023-01-24,7270.98
432,Pedro Silva,pedro.silva432@email.com,Salvador,BA,atacado,2023-12-29,3633.66
433,Rafael Oliveira,rafael.oliveira433@email.com,Goiânia, MG ,varejo,2023-10-04,6146.4
434,João Almeida,joão.almeida434@email.com,Recife,PE,Corporativo,2023-05-05,1049.15
435,  NATHAN BARBOSA ,nathan.barbosa435@email.com,Goiânia, MG ,Varejo,2023-01-08,7319.36
436,Karina Ribeiro,,São Paulo,CE,atacado,2024-10-13,
437,Vitor Carvalho,vitor.carvalho437@email.com,Salvador,sp,Corporativo,2024-11-22,3766.95
438,Zeca Carvalho,zeca.carvalho438@email.com,Goiânia,RJ,Corporativo,2024-01-19,
439,Eduarda Almeida,eduarda.almeida439@email.com,Fortaleza,mg,Corporativo,2025-04-06,4279.29
440,Diego Carvalho,diego.carvalho440@email.com,Rio de Janeiro,RS,Varejo,2024-09-08,8144.45
441,Felipe Costa,felipe.costa441@email.com,Porto Alegre,BA,Atacado,2024-12-26,
442,João Barbosa,joão.barbosa442@email.com,São Paulo,São Paulo,Varejo,2025-02-23,
443,  URSULA CARVALHO ,ursula.carvalho443@email.com,Curitiba,sp,corporativo,2023-08-31,
444,João Gomes,joão.gomes444@email.com,Fortaleza, MG ,Atacado,2023-02-10,4528.53
445,Ursula Oliveira,ursula.oliveira445@email.com,Goiânia,sp,Varejo,2024-03-29,6873.64
446,Vitor Gomes,vitor.gomes446@email.com,Goiânia,PR,Corporativo,2023-04-22,2037.04
447,Sofia Silva,sofia.silva447@email.com,Belo Horizonte, MG ,varejo,2024-04-25,8925.0
448,Ursula Rocha,ursula.rocha448@email.com,Goiânia,São Paulo,corporativo,2025-04-18,8700.25
449,Gabriela Rocha,,Goiânia,PE,Atacado,2025-02-04,2248.35
450,Ursula Silva,,Recife,RS,corporativo,2025-04-18,4113.26
451,  JOÃO LIMA ,joão.lima451@email.com,Porto Alegre,SC,VAREJO,2023-08-24,4315.74
452,Olivia Souza,olivia.souza452@email.com,Belo Horizonte,RJ,atacado,2024-11-12,3464.79
453,Nathan Lima,nathan.lima453@email.com,Recife, rj,VAREJO,2023-12-09,6764.92
454,Thiago Oliveira,thiago.oliveira454@email.com,Salvador,PR,corporativo,2025-06-16,3895.22
455,Lucas Almeida,lucas.almeida455@email.com,Rio de Janeiro,BA,Atacado,2024-07-13,5702.93
456,Rafael Souza,rafael.souza456@email.com,Salvador,Minas Gerais,atacado,2024-10-10,881.26
457,Diego Pereira,diego.pereira457@email.com,Recife,Minas Gerais,Varejo,2023-10-25,8939.19
458,Diego Silva,diego.silva458@email.com,Curitiba,SC,Corporativo,2023-03-23,3137.54
459,Thiago Almeida,thiago.almeida459@email.com,Porto Alegre,RJ,Corporativo,2023-11-29,
460,  KARINA GOMES ,karina.gomes460@email.com,Salvador, rj,Corporativo,2024-04-12,3557.88
461,Felipe Lima,,Fortaleza,CE,atacado,2023-07-23,2454.21
462,João Lima,joão.lima462@email.com,Belo Horizonte, MG ,atacado,2023-11-01,810.05
463,Quésia Lima,,Porto Alegre, rj,Atacado,2025-05-19,5175.28
464,Lucas Silva,lucas.silva464@email.com,Belo Horizonte,RS,atacado,2025-04-10,
465,Thiago Barbosa,thiago.barbosa465@email.com,Recife,RS,Atacado,2024-10-06,3992.09
466,Ana Barbosa,ana.barbosa466@email.com,São Paulo,PE,Varejo,2023-09-07,7489.85
467,  ISABELA MARTINS ,,Salvador,SC,VAREJO,2024-09-23,
468,Bruno Almeida,bruno.almeida468@email.com,Belo Horizonte, rj,VAREJO,2023-07-29,3898.73
469,Rafael Pereira,rafael.pereira469@email.com,São Paulo,SC,Atacado,2024-01-26,5819.37
470,Olivia Rocha,olivia.rocha470@email.com,Fortaleza,São Paulo,Corporativo,2023-05-16,5529.28
471,  THIAGO RIBEIRO ,thiago.ribeiro471@email.com,Goiânia,SP,Varejo,2023-06-07,
472,Diego Almeida,diego.almeida472@email.com,Salvador,PR,Atacado,2024-12-04,8444.34
473,Lucas Rocha,lucas.rocha473@email.com,Rio de Janeiro, rj,Atacado,2024-02-04,6914.89
474,Quésia Almeida,quésia.almeida474@email.com,Fortaleza,mg,varejo,2023-06-05,0.0
475,Bruno Oliveira,,Salvador,GO,Atacado,2023-08-03,
476,Olivia Oliveira,olivia.oliveira476@email.com,Goiânia,sp,VAREJO,2023-08-25,5896.99
477,Thiago Costa,,Rio de Janeiro,SC,Atacado,2024-10-15,5540.51
478,  YARA BARBOSA ,yara.barbosa478@email.com,Curitiba,PR,Atacado,2023-03-31,8589.99
479,Quésia Carvalho,quésia.carvalho479@email.com,Recife,RS,atacado,2025-04-16,
480,Ana Costa,,Salvador,SP,atacado,2023-04-21,
481,Sofia Pereira,sofia.pereira481@email.com,Belo Horizonte,GO,VAREJO,2023-06-30,6355.49
482,Ursula Rocha,ursula.rocha482@email.com,Goiânia,Minas Gerais,corporativo,2024-02-10,2825.11
483,  BRUNO GOMES ,bruno.gomes483@email.com,Recife,RJ,Atacado,2024-05-26,6019.32
484,Ursula Martins,URSULA.MARTINS484@EMAIL.COM,Goiânia,SC,Varejo,2025-05-05,4220.27
485,Vitor Santos,vitor.santos485@email.com,Belo Horizonte,SP,Varejo,2023-09-30,3915.93
486,Ana Lima,ana.lima486@email.com,Salvador,PE,Varejo,2025-03-08,7098.92
487,Nathan Martins,nathan.martins487@email.com,Porto Alegre,PE,Atacado,2025-03-29,9205.96
488,Zeca Gomes,zeca.gomes488@email.com,Recife,mg,corporativo,2025-05-13,475.96
489,Eduarda Carvalho,,Porto Alegre,PR,corporativo,2024-06-13,5457.29
490,Pedro Carvalho,pedro.carvalho490@email.com,Florianópolis,PR,Varejo,2024-03-22,8165.76
491,  OLIVIA CARVALHO ,olivia.carvalho491@email.com,Salvador,BA,corporativo,2025-06-11,6150.55
492,Zeca Barbosa,zeca.barbosa492@email.com,Curitiba,GO,Varejo,2024-06-01,6560.46
493,Henrique Pereira,henrique.pereira493@email.com,Fortaleza,RS,Varejo,2023-12-21,2943.24
494,João Rocha,joão.rocha494@email.com,Curitiba, rj,corporativo,2024-11-01,3640.54
495,Wesley Lima,wesley.lima495@email.com,Salvador,GO,VAREJO,2023-06-14,2517.88
496,  RAFAEL ROCHA ,rafael.rocha496@email.com,Curitiba,RS,varejo,2024-03-18,7059.3
497,Sofia Ribeiro,sofia.ribeiro497@email.com,Fortaleza,SC,atacado,2023-07-23,7325.94
498,Lucas Rocha,lucas.rocha498@email.com,Rio de Janeiro,RS,varejo,2024-03-26,8843.39
499,João Martins,joão.martins499@email.com,São Paulo,BA,atacado,2023-11-21,2958.02
500,Ursula Pereira,ursula.pereira500@email.com,Recife, rj,Varejo,2023-08-03,5013.31
305,Thiago Pereira,thiago.pereira305@email.com,Salvador,SP,Atacado,2023-03-06,2331.02
341,  SOFIA RIBEIRO ,sofia.ribeiro341@email.com,Goiânia,PR,Corporativo,2024-06-12,5684.61
48,Pedro Rocha,pedro.rocha48@email.com,Florianópolis, rj,varejo,2025-02-19,
68,Marina Oliveira,marina.oliveira68@email.com,Curitiba,CE,VAREJO,2023-04-18,7034.41
480,Ana Costa,,Salvador,SP,atacado,2023-04-21,
